school_code,prev_sat,SCHOOL OWNERSHIP,SCHOOL CATEGORY,SCHOOL TYPE,COMBINATIONS CATEGORY,ACADEMIC LEVEL CATEGORY,prev_gpa,gpa,sat,STUDENTS,TEACHERS,STUDENT-TEACHER RATIO,student_teacher_ratio
s0101,196.0,GOVERNMENT,BOYS ONLY,DAY AND BOARDING,MIXED,COMBINED OA,2.7577,3.0222,158.0,1515.0,80.0,19:1,18.9375
s0103,467.0,,,,,,2.7099,2.8265,389.0,,,,
s0104,131.0,,,,,,2.7455,2.4112,122.0,,,,
s0105,169.0,,,,,,2.1617,2.3932,220.0,,,,
s0106,8.0,,,,,,2.7917,2.5,4.0,,,,
s0108,280.0,GOVERNMENT,BOYS AND GIRLS,BOARDING,SCIENCE,COMBINED OA,2.7375,2.7662,390.0,1000.0,80.0,13:1,12.5
s0109,596.0,,,,,,2.3356,2.2966,588.0,,,,
s0110,183.0,GOVERNMENT,BOYS ONLY,BOARDING,MIXED,COMBINED OA,1.6548,1.5956,163.0,730.0,60.0,12:1,12.166666666666666
s0111,7.0,,,,,,3.381,2.4314,17.0,,,,
s0112,194.0,,,,,,2.7706,2.7829,210.0,,,,
s0113,22.0,PRIVATE,BOYS ONLY,BOARDING,MIXED,COMBINED OA,2.7576,2.7544,19.0,300.0,30.0,10:1,10.0
s0114,15.0,,,,,,2.6889,2.8056,12.0,,,,
s0115,303.0,,,,,,2.3421,2.4692,396.0,,,,
s0116,199.0,,,,,,2.6265,2.4365,161.0,,,,
s0117,6.0,,,,,,3.0833,3.6019,18.0,,,,
s0118,10.0,,,,,,2.0667,2.5833,6.0,,,,
s0119,183.0,GOVERNMENT,BOYS ONLY,BOARDING,MIXED,COMBINED OA,1.6384,1.4167,162.0,820.0,70.0,12:1,11.714285714285714
s0120,463.0,GOVERNMENT,BOYS ONLY,BOARDING,MIXED,ALEVEL ONLY,2.4669,2.5287,535.0,900.0,30.0,30:1,30.0
s0121,23.0,,,,,,2.4565,2.8417,20.0,,,,
s0123,311.0,,,,,,1.9871,1.8239,319.0,,,,
s0124,6.0,,,,,,2.8056,3.2222,3.0,,,,
s0125,441.0,,,,,,2.4607,2.1764,431.0,,,,
s0128,168.0,,,,,,2.1171,2.3785,203.0,,,,
s0129,315.0,,,,,,2.4963,2.5565,363.0,,,,
s0130,36.0,PRIVATE,BOYS ONLY,BOARDING,MIXED,COMBINED OA,2.2593,1.8509,57.0,300.0,30.0,10:1,10.0
s0132,385.0,,,,,,2.6355,2.4876,337.0,,,,
s0133,342.0,GOVERNMENT,BOYS ONLY,BOARDING,MIXED,ALEVEL ONLY,2.5699,2.3275,402.0,800.0,40.0,20:1,20.0
s0134,239.0,,,,,,2.2957,2.8205,208.0,,,,
s0135,240.0,,,,,,2.6299,2.421,234.0,,,,
s0136,235.0,,,,,,2.0184,2.0875,280.0,,,,
s0138,163.0,,,,,,2.6554,2.3747,149.0,,,,
s0139,194.0,,,,,,2.543,2.5998,192.0,,,,
s0140,133.0,GOVERNMENT,BOYS ONLY,BOARDING,MIXED,COMBINED OA,1.4749,1.3657,170.0,660.0,50.0,13:1,13.2
s0141,2.0,,,,,,1.6667,3.0714,7.0,,,,
s0142,393.0,GOVERNMENT,BOYS ONLY,BOARDING,MIXED,ALEVEL ONLY,2.4296,2.4054,421.0,890.0,60.0,15:1,14.833333333333334
s0143,465.0,,,,,,2.6935,2.3953,493.0,,,,
s0144,428.0,,,,,,2.2235,2.2525,431.0,,,,
s0145,245.0,,,,,,2.5245,2.2576,265.0,,,,
s0146,24.0,PRIVATE,BOYS ONLY,BOARDING,MIXED,COMBINED OA,3.0417,2.875,16.0,400.0,25.0,16:1,16.0
s0147,205.0,,,,,,3.1364,2.6761,142.0,,,,
s0148,22.0,,,,,,2.197,2.1111,27.0,,,,
s0149,473.0,,,,,,2.253,2.1601,433.0,,,,
s0150,452.0,GOVERNMENT,BOYS ONLY,BOARDING,MIXED,ALEVEL ONLY,2.6449,2.7454,457.0,850.0,35.0,24:1,24.285714285714285
s0151,676.0,GOVERNMENT,BOYS ONLY,,MIXED,ALEVEL ONLY,2.2133,2.2929,585.0,1200.0,50.0,24:1,24.0
s0152,204.0,,,,,,2.6242,2.3414,226.0,,,,
s0153,252.0,,,,,,2.7037,2.3938,273.0,,,,
s0154,3.0,PRIVATE,BOYS ONLY,BOARDING,MIXED,COMBINED OA,2.0556,1.9048,7.0,300.0,25.0,12:1,12.0
s0155,109.0,,,,,,1.4144,1.3357,142.0,,,,
s0156,76.0,GOVERNMENT,BOYS AND GIRLS,BOARDING,SCIENCE,COMBINED OA,2.8838,2.6311,136.0,1070.0,69.0,16:1,15.507246376811594
s0158,427.0,GOVERNMENT,BOYS ONLY,BOARDING,MIXED,ALEVEL ONLY,2.4161,2.3992,492.0,1000.0,50.0,20:1,20.0
s0160,281.0,,,,,,2.2811,2.4686,278.0,,,,
s0164,18.0,,,,,,3.1574,3.1667,11.0,,,,
s0165,17.0,PRIVATE,BOYS ONLY,BOARDING,MIXED,COMBINED OA,2.0392,2.3025,27.0,220.0,20.0,11:1,11.0
s0167,19.0,PRIVATE,BOYS AND GIRLS,BOARDING,MIXED,COMBINED OA,2.9386,2.537,19.0,400.0,20.0,20:1,20.0
s0168,39.0,PRIVATE,BOYS ONLY,BOARDING,MIXED,COMBINED OA,2.1709,2.914,31.0,400.0,30.0,13:1,13.333333333333334
s0174,26.0,,,,,,3.2179,3.3043,23.0,,,,
s0175,44.0,,,,,,2.0152,2.1591,44.0,,,,
s0177,37.0,,,,,,3.1622,2.4216,17.0,,,,
s0178,7.0,,,,,,3.1667,2.7778,9.0,,,,
s0182,33.0,PRIVATE,BOYS ONLY,DAY AND BOARDING,MIXED,COMBINED OA,3.0101,3.0513,13.0,170.0,19.0,9:1,8.947368421052632
s0184,30.0,PRIVATE,BOYS AND GIRLS,BOARDING,MIXED,COMBINED OA,1.6222,2.0373,76.0,500.0,30.0,17:1,16.666666666666668
s0188,88.0,PRIVATE,BOYS AND GIRLS,BOARDING,MIXED,COMBINED OA,2.9242,2.9369,74.0,880.0,60.0,15:1,14.666666666666666
s0189,85.0,PRIVATE,BOYS ONLY,DAY AND BOARDING,MIXED,COMBINED OA,1.8216,1.6705,86.0,500.0,45.0,11:1,11.11111111111111
s0190,16.0,,,,,,2.8021,3.0278,6.0,,,,
s0197,11.0,PRIVATE,BOYS AND GIRLS,DAY AND BOARDING,MIXED,COMBINED OA,3.6364,2.4667,10.0,400.0,20.0,20:1,20.0
s0198,9.0,,,,,,2.8519,2.2917,12.0,,,,
s0201,403.0,,,,,,2.4309,2.1787,374.0,,,,
s0202,476.0,GOVERNMENT,GIRLS ONLY,BOARDING,MIXED,ALEVEL ONLY,2.5826,2.414,438.0,800.0,40.0,20:1,20.0
s0203,290.0,GOVERNMENT,GIRLS ONLY,BOARDING,MIXED,COMBINED OA,2.9782,2.7222,273.0,770.0,65.0,12:1,11.846153846153847
s0204,156.0,GOVERNMENT,GIRLS ONLY,DAY AND BOARDING,MIXED,COMBINED OA,3.156,3.292,113.0,1251.0,67.0,19:1,18.671641791044777
s0205,35.0,PRIVATE,GIRLS ONLY,BOARDING,MIXED,COMBINED OA,2.7619,3.2604,64.0,800.0,40.0,20:1,20.0
s0206,100.0,GOVERNMENT,GIRLS ONLY,BOARDING,MIXED,COMBINED OA,2.0217,1.822,88.0,650.0,50.0,13:1,13.0
s0207,18.0,,,,,,2.7685,2.7157,17.0,,,,
s0208,249.0,,,,,,2.7651,2.7025,293.0,,,,
s0209,386.0,GOVERNMENT,GIRLS ONLY,BOARDING,MIXED,COMBINED OA,2.8614,2.2433,387.0,500.0,40.0,13:1,12.5
s0210,60.0,,,,,,2.4139,2.7704,53.0,,,,
s0211,424.0,,,,,,2.8451,2.7286,471.0,,,,
s0212,380.0,,,,,,2.4254,2.5407,381.0,,,,
s0213,242.0,,,,,,2.4497,2.4292,358.0,,,,
s0214,145.0,GOVERNMENT,GIRLS ONLY,BOARDING,MIXED,COMBINED OA,1.6425,1.737,154.0,600.0,45.0,13:1,13.333333333333334
s0215,312.0,,,,,,2.0422,1.8103,391.0,,,,
s0216,435.0,,,,,,2.4034,2.5756,420.0,,,,
s0217,15.0,,,,,,3.1,3.4167,10.0,,,,
s0218,253.0,,,,,,2.915,2.7003,254.0,,,,
s0219,398.0,,,,,,2.4261,2.4835,414.0,,,,
s0220,122.0,GOVERNMENT,GIRLS ONLY,BOARDING,MIXED,COMBINED OA,1.9699,1.757,107.0,700.0,50.0,14:1,14.0
s0221,361.0,,,,,,2.241,2.509,333.0,,,,
s0222,191.0,,,,,,3.2539,2.8966,179.0,,,,
s0223,30.0,,,,,,3.1222,2.1548,14.0,,,,
s0224,41.0,PRIVATE,GIRLS ONLY,BOARDING,MIXED,COMBINED OA,1.9472,2.2625,40.0,500.0,30.0,17:1,16.666666666666668
s0227,549.0,,,,,,2.8063,2.4318,462.0,,,,
s0228,385.0,GOVERNMENT,GIRLS ONLY,BOARDING,MIXED,ALEVEL ONLY,2.6671,2.9932,393.0,700.0,50.0,14:1,14.0
s0229,262.0,,,,,,2.6724,2.401,325.0,,,,
s0230,362.0,,,,,,2.6975,2.318,327.0,,,,
s0233,286.0,PRIVATE,GIRLS ONLY,BOARDING,MIXED,COMBINED OA,1.7931,1.8023,344.0,500.0,45.0,11:1,11.11111111111111
s0234,10.0,PRIVATE,GIRLS ONLY,BOARDING,MIXED,COMBINED OA,3.5,3.2121,11.0,322.0,19.0,17:1,16.94736842105263
s0235,10.0,PRIVATE,GIRLS ONLY,BOARDING,MIXED,COMBINED OA,2.8167,2.5,13.0,600.0,45.0,13:1,13.333333333333334
s0240,8.0,,,,,,3.1458,2.9667,5.0,,,,
s0241,27.0,PRIVATE,GIRLS ONLY,BOARDING,MIXED,COMBINED OA,3.0864,2.1364,11.0,500.0,40.0,13:1,12.5
s0245,18.0,,,,,,2.6296,2.5917,20.0,,,,
s0246,26.0,,,,,,3.1795,2.9363,34.0,,,,
s0247,10.0,,,,,,2.3333,2.2667,10.0,,,,
s0248,81.0,PRIVATE,GIRLS ONLY,BOARDING,MIXED,COMBINED OA,1.9342,1.946,71.0,880.0,70.0,13:1,12.571428571428571
s0249,40.0,PRIVATE,GIRLS ONLY,DAY AND BOARDING,MIXED,COMBINED OA,2.6333,2.1609,29.0,500.0,30.0,17:1,16.666666666666668
s0252,47.0,,,,,,2.9433,3.0143,35.0,,,,
s0254,7.0,,,,,,2.6429,2.8182,11.0,,,,
s0255,140.0,PRIVATE,GIRLS ONLY,BOARDING,MIXED,COMBINED OA,2.0845,1.9399,147.0,420.0,43.0,10:1,9.767441860465116
s0256,40.0,PRIVATE,GIRLS ONLY,BOARDING,MIXED,COMBINED OA,2.7625,2.2679,56.0,280.0,22.0,13:1,12.727272727272727
s0263,83.0,PRIVATE,GIRLS ONLY,BOARDING,MIXED,COMBINED OA,2.3173,2.3941,74.0,480.0,35.0,14:1,13.714285714285714
s0264,82.0,PRIVATE,GIRLS ONLY,BOARDING,MIXED,COMBINED OA,2.6667,2.2374,106.0,600.0,37.0,16:1,16.216216216216218
s0266,6.0,,,,,,3.25,2.5556,18.0,,,,
s0271,110.0,,,,,,3.0136,2.4476,89.0,,,,
s0272,53.0,,,,,,2.3931,2.6733,50.0,,,,
s0275,8.0,,,,,,2.8958,2.0,1.0,,,,
s0276,321.0,GOVERNMENT,GIRLS ONLY,BOARDING,MIXED,ALEVEL ONLY,3.0218,2.5867,321.0,700.0,25.0,28:1,28.0
s0279,12.0,,,,,,2.4583,2.3148,9.0,,,,
s0281,186.0,,,,,,2.3916,2.1694,244.0,,,,
s0283,5.0,PRIVATE,GIRLS ONLY,BOARDING,,,2.4333,2.4815,9.0,280.0,25.0,11:1,11.2
s0284,34.0,,,,,,2.7059,2.8824,17.0,,,,
s0285,7.0,,,,,,2.8571,2.0,1.0,,,,
s0291,5.0,PRIVATE,BOYS AND GIRLS,BOARDING,,,3.5333,1.951,17.0,200.0,18.0,11:1,11.11111111111111
s0298,76.0,PRIVATE,GIRLS ONLY,DAY AND BOARDING,MIXED,COMBINED OA,1.9561,1.7706,77.0,325.0,30.0,11:1,10.833333333333334
s0299,177.0,,,,,,2.8399,2.7876,175.0,,,,
s0302,169.0,,,,,,2.5266,2.4477,137.0,,,,
s0304,53.0,,,,,,3.2673,3.2778,57.0,,,,
s0305,27.0,PRIVATE,BOYS AND GIRLS,DAY AND BOARDING,MIXED,COMBINED OA,3.1667,3.2981,52.0,370.0,23.0,16:1,16.08695652173913
s0306,203.0,,,,,,2.7438,2.7302,223.0,,,,
s0307,55.0,,,,,,3.6051,3.0,18.0,,,,
s0308,65.0,PRIVATE,BOYS AND GIRLS,DAY AND BOARDING,MIXED,COMBINED OA,2.5513,2.1549,71.0,810.0,50.0,16:1,16.2
s0309,111.0,,,,,,2.4303,2.4386,209.0,,,,
s0310,32.0,,,,,,1.9479,2.085,51.0,,,,
s0312,25.0,,,,,,3.2,2.8413,21.0,,,,
s0313,80.0,PRIVATE,BOYS AND GIRLS,DAY AND BOARDING,ARTS,COMBINED OA,2.6563,2.7339,62.0,650.0,43.0,15:1,15.116279069767442
s0314,323.0,,,,,,2.7895,2.6895,277.0,,,,
s0316,258.0,,,,,,3.0213,2.9443,296.0,,,,
s0317,12.0,,,,,,2.6528,3.2,10.0,,,,
s0320,239.0,,,,,,2.3417,2.0105,287.0,,,,
s0321,36.0,,,,,,3.1806,3.3203,51.0,,,,
s0323,55.0,,,,,,2.5485,2.5909,66.0,,,,
s0324,234.0,,,,,,2.6182,2.1911,322.0,,,,
s0325,190.0,,,,,,2.9895,2.6988,192.0,,,,
s0326,98.0,,,,,,2.0561,2.2583,151.0,,,,
s0328,237.0,,,,,,2.5661,2.6867,191.0,,,,
s0329,46.0,,,,,,2.221,2.094,94.0,,,,
s0330,166.0,,,,,,2.8062,2.3771,198.0,,,,
s0332,289.0,GOVERNMENT,BOYS AND GIRLS,DAY AND BOARDING,MIXED,COMBINED OA,2.4273,2.1805,388.0,700.0,40.0,18:1,17.5
s0333,370.0,GOVERNMENT,BOYS AND GIRLS,DAY AND BOARDING,MIXED,COMBINED OA,2.7766,2.3345,429.0,2000.0,100.0,20:1,20.0
s0334,551.0,,,,,,2.5369,2.5972,420.0,,,,
s0338,523.0,,,,,,2.1667,2.2138,548.0,,,,
s0339,222.0,,,,,,2.4872,2.5065,230.0,,,,
s0341,126.0,,,,,,2.8254,2.6048,160.0,,,,
s0342,59.0,PRIVATE,BOYS AND GIRLS,DAY,MIXED,COMBINED OA,3.1271,3.1974,65.0,1000.0,50.0,20:1,20.0
s0345,187.0,GOVERNMENT,BOYS AND GIRLS,DAY AND BOARDING,MIXED,COMBINED OA,3.3877,2.5053,189.0,1480.0,75.0,20:1,19.733333333333334
s0346,37.0,,,,,,3.3529,3.2482,58.0,,,,
s0347,390.0,GOVERNMENT,BOYS AND GIRLS,DAY AND BOARDING,MIXED,ALEVEL ONLY,3.1679,3.2818,454.0,590.0,40.0,15:1,14.75
s0348,117.0,,,,,,2.3604,2.2089,146.0,,,,
s0351,377.0,GOVERNMENT,BOYS AND GIRLS,BOARDING,MIXED,ALEVEL ONLY,2.5115,2.6951,439.0,700.0,30.0,23:1,23.333333333333332
s0352,498.0,,,,,,2.0994,2.0237,464.0,,,,
s0353,14.0,,,,,,1.8571,1.8246,19.0,,,,
s0355,35.0,,,,,,2.7524,2.45,50.0,,,,
s0356,33.0,,,,,,2.7929,2.7317,41.0,,,,
s0359,210.0,,,,,,2.8524,2.8122,161.0,,,,
s0360,241.0,,,,,,2.7981,2.491,278.0,,,,
s0361,40.0,PRIVATE,BOYS AND GIRLS,DAY AND BOARDING,ARTS,COMBINED OA,2.9583,2.3465,38.0,1040.0,70.0,15:1,14.857142857142858
s0363,26.0,,,,,,2.8654,2.474,32.0,,,,
s0364,474.0,GOVERNMENT,BOYS ONLY,BOARDING,MIXED,ALEVEL ONLY,2.6188,2.4533,496.0,800.0,50.0,16:1,16.0
s0367,111.0,,,,,,1.7432,1.7125,120.0,,,,
s0368,103.0,,,,,,2.7605,2.6944,79.0,,,,
s0369,450.0,,,,,,2.5733,2.3934,416.0,,,,
s0370,291.0,GOVERNMENT,GIRLS ONLY,BOARDING,MIXED,ALEVEL ONLY,2.9805,3.1174,281.0,800.0,35.0,23:1,22.857142857142858
s0380,42.0,,,,,,1.873,2.1531,49.0,,,,
s0381,32.0,,,,,,4.0269,3.127,21.0,,,,
s0382,77.0,,,,,,3.1996,3.7002,68.0,,,,
s0383,112.0,,,,,,2.8664,3.3476,187.0,,,,
s0385,66.0,,,,,,1.9851,2.0362,93.0,,,,
s0386,209.0,,,,,,2.5016,2.2464,255.0,,,,
s0387,30.0,PRIVATE,BOYS AND GIRLS,BOARDING,MIXED,COMBINED OA,2.8391,2.4593,45.0,566.0,24.0,0:1,23.583333333333332
s0388,81.0,PRIVATE,BOYS AND GIRLS,BOARDING,MIXED,COMBINED OA,2.0885,2.3965,124.0,850.0,50.0,17:1,17.0
s0389,62.0,,,,,,2.3387,2.4366,71.0,,,,
s0390,156.0,,,,,,3.0417,3.0406,156.0,,,,
s0391,43.0,,,,,,3.562,3.5623,92.0,,,,
s0397,17.0,,,,,,2.7941,2.4056,31.0,,,,
s0400,83.0,,,,,,3.0482,2.759,74.0,,,,
s0401,37.0,,,,,,3.1597,2.3889,12.0,,,,
s0404,378.0,,,,,,2.6314,2.285,286.0,,,,
s0405,181.0,,,,,,2.1361,2.5204,269.0,,,,
s0409,60.0,,,,,,2.4306,2.2862,46.0,,,,
s0413,433.0,,,,,,2.515,2.1798,482.0,,,,
s0416,168.0,,,,,,4.5665,4.4392,192.0,,,,
s0417,440.0,,,,,,2.8064,2.4861,446.0,,,,
s0418,77.0,,,,,,2.8095,2.0598,78.0,,,,
s0420,15.0,,,,,,2.8111,2.5432,27.0,,,,
s0425,216.0,,,,,,4.3426,4.46,225.0,,,,
s0426,115.0,,,,,,2.6696,2.4454,117.0,,,,
s0427,286.0,,,,,,2.9668,2.6565,214.0,,,,
s0429,61.0,,,,,,3.306,3.0299,39.0,,,,
s0430,130.0,GOVERNMENT,BOYS AND GIRLS,DAY AND BOARDING,ARTS,COMBINED OA,2.6744,2.4038,149.0,881.0,58.0,15:1,15.189655172413794
s0431,18.0,,,,,,3.5185,3.1068,78.0,,,,
s0432,25.0,,,,,,3.1806,2.6162,33.0,,,,
s0436,82.0,,,,,,2.6321,2.2358,106.0,,,,
s0439,28.0,,,,,,2.881,2.9737,19.0,,,,
s0440,165.0,,,,,,4.2525,3.7348,226.0,,,,
s0441,141.0,,,,,,2.6182,2.1616,99.0,,,,
s0443,107.0,PRIVATE,BOYS AND GIRLS,DAY AND BOARDING,MIXED,COMBINED OA,2.5967,2.5725,36.0,2650.0,75.0,0:1,35.333333333333336
s0445,71.0,,,,,,2.8897,2.3763,62.0,,,,
s0446,50.0,GOVERNMENT,BOYS AND GIRLS,DAY AND BOARDING,,,2.7267,2.3819,79.0,439.0,31.0,14:1,14.161290322580646
s0447,87.0,,,,,,2.1552,2.2667,100.0,,,,
s0448,129.0,GOVERNMENT,BOYS AND GIRLS,DAY AND BOARDING,MIXED,COMBINED OA,2.6576,2.4223,148.0,715.0,27.0,26:1,26.48148148148148
s0449,133.0,,,,,,2.5063,2.2492,109.0,,,,
s0455,16.0,,,,,,3.3646,2.9359,26.0,,,,
s0457,78.0,,,,,,2.9252,2.4855,69.0,,,,
s0458,84.0,,,,,,4.2321,4.1688,160.0,,,,
s0461,26.0,PRIVATE,BOYS AND GIRLS,DAY AND BOARDING,MIXED,COMBINED OA,2.9295,2.8778,15.0,500.0,30.0,17:1,16.666666666666668
s0465,100.0,PRIVATE,BOYS AND GIRLS,DAY AND BOARDING,MIXED,COMBINED OA,2.375,2.3584,186.0,,,Not Available,
s0466,144.0,,,,,,1.8241,1.9875,187.0,,,,
s0468,4.0,,,,,,2.2083,2.2949,13.0,,,,
s0471,41.0,,,,,,2.9187,2.525,41.0,,,,
s0473,33.0,PRIVATE,BOYS AND GIRLS,DAY AND BOARDING,MIXED,COMBINED OA,2.8485,2.3114,38.0,400.0,30.0,13:1,13.333333333333334
s0474,23.0,,,,,,2.8116,3.2821,26.0,,,,
s0478,2.0,,,,,,2.6667,2.75,4.0,,,,
s0484,29.0,,,,,,2.5115,2.1667,28.0,,,,
s0485,63.0,,,,,,3.1534,3.0042,41.0,,,,
s0488,147.0,,,,,,2.4104,2.5167,140.0,,,,
s0489,92.0,PRIVATE,BOYS AND GIRLS,DAY AND BOARDING,MIXED,COMBINED OA,2.7446,2.7333,75.0,500.0,40.0,13:1,12.5
s0493,40.0,PRIVATE,BOYS AND GIRLS,DAY AND BOARDING,MIXED,COMBINED OA,3.0686,2.9167,30.0,,,Not Available,
s0496,168.0,,,,,,3.4062,3.1419,80.0,,,,
s0500,118.0,,,,,,2.6257,2.6667,107.0,,,,
s0501,25.0,,,,,,2.8733,2.6667,21.0,,,,
s0506,3.0,PRIVATE,BOYS AND GIRLS,BOARDING,MIXED,COMBINED OA,1.9444,2.0833,9.0,,,Not Available,
s0511,136.0,,,,,,2.2181,2.0221,166.0,,,,
s0514,12.0,,,,,,2.6389,2.6667,12.0,,,,
s0515,91.0,,,,,,2.4414,2.5187,89.0,,,,
s0516,72.0,,,,,,2.3194,2.2944,107.0,,,,
s0517,88.0,,,,,,2.2064,2.0652,69.0,,,,
s0521,86.0,,,,,,2.9167,2.7203,87.0,,,,
s0524,136.0,,,,,,2.8909,2.3413,168.0,,,,
s0526,188.0,,,,,,2.1436,2.1867,175.0,,,,
s0527,104.0,,,,,,3.0705,2.7137,117.0,,,,
s0530,246.0,,,,,,2.0488,2.3242,238.0,,,,
s0533,109.0,,,,,,2.8379,2.7527,91.0,,,,
s0534,80.0,PRIVATE,BOYS AND GIRLS,BOARDING,MIXED,COMBINED OA,2.6854,2.6337,81.0,1600.0,76.0,21:1,21.05263157894737
s0535,98.0,,,,,,2.7874,2.5248,47.0,,,,
s0537,83.0,,,,,,2.6908,2.7651,83.0,,,,
s0538,155.0,GOVERNMENT,BOYS AND GIRLS,BOARDING,MIXED,COMBINED OA,2.5516,2.3957,155.0,1200.0,71.0,17:1,16.901408450704224
s0539,295.0,,,,,,2.6294,2.2011,247.0,,,,
s0540,191.0,,,,,,2.671,2.5278,138.0,,,,
s0541,89.0,,,,,,2.5393,2.5696,79.0,,,,
s0543,60.0,,,,,,2.7611,2.5324,108.0,,,,
s0544,146.0,,,,,,3.0685,3.2308,182.0,,,,
s0546,469.0,,,,,,2.9939,3.0613,437.0,,,,
s0547,90.0,,,,,,2.2685,2.42,173.0,,,,
s0548,100.0,,,,,,2.5317,2.6196,131.0,,,,
s0549,273.0,,,,,,2.6795,2.9829,333.0,,,,
s0550,201.0,,,,,,1.9826,2.0229,218.0,,,,
s0551,171.0,GOVERNMENT,BOYS AND GIRLS,,ARTS,COMBINED OA,1.8158,1.6872,154.0,1117.0,32.0,35:1,34.90625
s0552,79.0,,,,,,3.2722,2.7273,88.0,,,,
s0554,177.0,,,,,,2.3785,2.5048,173.0,,,,
s0555,81.0,,,,,,2.6975,2.2888,86.0,,,,
s0556,189.0,,,,,,2.3502,2.2759,212.0,,,,
s0558,56.0,,,,,,2.6071,2.6312,47.0,,,,
s0559,34.0,,,,,,2.3284,2.123,84.0,,,,
s0560,186.0,,,,,,2.4382,2.4585,246.0,,,,
s0561,14.0,PRIVATE,BOYS AND GIRLS,DAY AND BOARDING,MIXED,COMBINED OA,2.9762,1.9583,4.0,480.0,30.0,16:1,16.0
s0563,149.0,,,,,,4.0737,4.2895,140.0,,,,
s0564,75.0,,,,,,3.1489,2.8092,76.0,,,,
s0566,228.0,,,,,,3.924,3.9241,334.0,,,,
s0578,78.0,PRIVATE,BOYS AND GIRLS,DAY,MIXED,COMBINED OA,2.8537,2.9797,83.0,1060.0,90.0,12:1,11.777777777777779
s0580,132.0,GOVERNMENT,BOYS AND GIRLS,DAY AND BOARDING,ARTS,COMBINED OA,2.5278,2.0931,136.0,1113.0,50.0,22:1,22.26
s0581,86.0,,,,,,2.9147,2.4355,173.0,,,,
s0584,11.0,,,,,,3.0152,3.2917,16.0,,,,
s0585,129.0,,,,,,2.8204,2.6365,105.0,,,,
s0586,27.0,,,,,,1.821,1.9067,25.0,,,,
s0590,33.0,,,,,,2.4091,2.6333,40.0,,,,
s0591,98.0,,,,,,2.4133,2.144,81.0,,,,
s0596,190.0,,,,,,2.3316,2.4691,151.0,,,,
s0600,126.0,,,,,,1.7143,1.7855,143.0,,,,
s0601,70.0,,,,,,2.0024,2.0507,92.0,,,,
s0604,117.0,,,,,,2.235,2.0,114.0,,,,
s0607,208.0,,,,,,1.9343,1.9171,177.0,,,,
s0609,170.0,,,,,,2.9441,2.0692,130.0,,,,
s0610,171.0,,,,,,3.2008,2.3111,180.0,,,,
s0611,312.0,,,,,,3.3125,3.0919,332.0,,,,
s0612,413.0,,,,,,2.4923,2.2672,358.0,,,,
s0613,262.0,,,,,,2.3969,2.2057,303.0,,,,
s0614,134.0,,,,,,2.5124,2.5238,119.0,,,,
s0616,118.0,,,,,,2.904,2.5907,90.0,,,,
s0617,187.0,,,,,,3.0392,2.9847,131.0,,,,
s0618,191.0,,,,,,2.9677,2.6555,179.0,,,,
s0622,19.0,PRIVATE,GIRLS ONLY,BOARDING,MIXED,COMBINED OA,3.1754,3.2701,30.0,1000.0,50.0,20:1,20.0
s0625,30.0,,,,,,2.7111,2.8974,39.0,,,,
s0629,162.0,PRIVATE,BOYS AND GIRLS,DAY AND BOARDING,MIXED,COMBINED OA,3.1204,3.0472,120.0,500.0,30.0,17:1,16.666666666666668
s0632,33.0,,,,,,3.2688,3.193,38.0,,,,
s0633,101.0,,,,,,2.0759,1.5656,160.0,,,,
s0635,125.0,,,,,,2.528,2.4676,180.0,,,,
s0638,73.0,,,,,,2.7671,2.3488,108.0,,,,
s0639,110.0,,,,,,2.7212,2.8373,127.0,,,,
s0640,75.0,,,,,,2.0911,2.0848,233.0,,,,
s0641,58.0,,,,,,2.9598,2.7769,65.0,,,,
s0643,151.0,,,,,,1.6954,1.8679,130.0,,,,
s0652,75.0,,,,,,2.7178,2.8796,72.0,,,,
s0653,160.0,,,,,,3.0187,2.8405,117.0,,,,
s0660,206.0,,,,,,4.2589,4.1117,299.0,,,,
s0662,57.0,,,,,,2.886,2.3117,54.0,,,,
s0663,9.0,,,,,,2.8704,2.525,20.0,,,,
s0665,39.0,,,,,,3.2051,2.7756,52.0,,,,
s0667,62.0,,,,,,1.5403,1.6375,80.0,,,,
s0668,241.0,GOVERNMENT,GIRLS ONLY,BOARDING,ARTS,ALEVEL ONLY,2.8769,2.572,220.0,420.0,30.0,14:1,14.0
s0669,130.0,,,,,,2.7885,2.8048,153.0,,,,
s0670,63.0,,,,,,2.6931,2.4699,61.0,,,,
s0671,37.0,PRIVATE,BOYS AND GIRLS,DAY AND BOARDING,MIXED,COMBINED OA,2.6171,2.7544,40.0,720.0,50.0,14:1,14.4
s0673,313.0,,,,,,2.2705,1.855,254.0,,,,
s0675,70.0,,,,,,2.2024,2.1418,134.0,,,,
s0676,69.0,,,,,,2.186,1.9092,112.0,,,,
s0677,99.0,,,,,,2.4422,2.1447,91.0,,,,
s0680,93.0,,,,,,2.5645,2.1229,99.0,,,,
s0681,199.0,PRIVATE,BOYS AND GIRLS,BOARDING,ARTS,COMBINED OA,2.2253,1.9127,190.0,1800.0,43.0,42:1,41.86046511627907
s0682,16.0,,,,,,2.4479,2.3155,28.0,,,,
s0685,70.0,,,,,,2.6143,2.3268,76.0,,,,
s0686,178.0,GOVERNMENT,BOYS AND GIRLS,DAY AND BOARDING,MIXED,COMBINED OA,2.2875,2.3349,211.0,1042.0,41.0,25:1,25.414634146341463
s0688,20.0,,,,,,2.0583,1.8782,26.0,,,,
s0689,86.0,,,,,,2.3818,2.1212,143.0,,,,
s0692,30.0,PRIVATE,BOYS AND GIRLS,BOARDING,MIXED,COMBINED OA,2.6944,2.4412,34.0,500.0,30.0,17:1,16.666666666666668
s0694,170.0,,,,,,2.849,2.8046,116.0,,,,
s0697,57.0,,,,,,2.5965,2.4412,68.0,,,,
s0698,21.0,,,,,,3.3175,3.6667,1.0,,,,
s0702,43.0,,,,,,2.7674,2.8605,86.0,,,,
s0705,51.0,,,,,,2.9183,2.5322,57.0,,,,
s0706,134.0,,,,,,2.2251,2.2416,129.0,,,,
s0707,159.0,,,,,,2.6059,2.3314,175.0,,,,
s0708,102.0,,,,,,3.1013,2.5097,87.0,,,,
s0709,161.0,,,,,,2.7971,2.706,161.0,,,,
s0710,131.0,,,,,,2.715,2.6455,126.0,,,,
s0711,49.0,,,,,,2.4558,2.5343,68.0,,,,
s0712,165.0,,,,,,2.3929,2.2293,157.0,,,,
s0713,144.0,GOVERNMENT,BOYS AND GIRLS,DAY AND BOARDING,ARTS,COMBINED OA,1.6725,1.7516,104.0,750.0,24.0,31:1,31.25
s0715,249.0,,,,,,2.4933,2.1684,291.0,,,,
s0716,9.0,,,,,,3.0185,2.85,10.0,,,,
s0720,77.0,,,,,,2.1688,2.0224,52.0,,,,
s0725,24.0,,,,,,2.9514,2.7083,8.0,,,,
s0726,109.0,,,,,,2.2477,2.1745,107.0,,,,
s0727,16.0,,,,,,2.2396,2.5397,43.0,,,,
s0729,61.0,PRIVATE,BOYS AND GIRLS,BOARDING,MIXED,COMBINED OA,1.9918,2.0216,77.0,620.0,55.0,11:1,11.272727272727273
s0731,71.0,PRIVATE,BOYS AND GIRLS,DAY AND BOARDING,MIXED,COMBINED OA,2.1549,2.3476,82.0,1826.0,115.0,16:1,15.878260869565217
s0738,32.0,,,,,,2.2448,1.7991,39.0,,,,
s0740,115.0,,,,,,2.8988,2.8372,112.0,,,,
s0741,76.0,,,,,,2.8553,2.4444,65.0,,,,
s0742,4.0,,,,,,2.1667,2.619,7.0,,,,
s0744,168.0,,,,,,2.2212,2.1719,96.0,,,,
s0746,129.0,,,,,,2.363,2.116,125.0,,,,
s0748,45.0,PRIVATE,BOYS AND GIRLS,DAY AND BOARDING,ARTS,COMBINED OA,2.8185,2.7939,55.0,1020.0,70.0,15:1,14.571428571428571
s0750,83.0,,,,,,2.7068,2.1934,106.0,,,,
s0751,230.0,PRIVATE,BOYS AND GIRLS,DAY AND BOARDING,MIXED,COMBINED OA,2.2058,2.1922,282.0,1200.0,46.0,26:1,26.08695652173913
s0752,144.0,,,,,,2.0347,1.8993,134.0,,,,
s0754,119.0,,,,,,2.9342,2.7068,133.0,,,,
s0757,124.0,,,,,,2.8293,2.4063,153.0,,,,
s0759,81.0,,,,,,2.7202,2.6218,78.0,,,,
s0765,78.0,,,,,,3.1303,2.2273,66.0,,,,
s0766,140.0,,,,,,2.8214,2.8243,111.0,,,,
s0769,215.0,,,,,,3.0419,2.4011,150.0,,,,
s0770,228.0,,,,,,1.8531,1.7517,290.0,,,,
s0771,17.0,,,,,,2.4706,2.6404,19.0,,,,
s0774,145.0,,,,,,2.4069,2.1878,300.0,,,,
s0778,153.0,,,,,,2.0523,1.9355,186.0,,,,
s0782,173.0,,,,,,2.5549,2.4161,147.0,,,,
s0784,148.0,PRIVATE,BOYS AND GIRLS,DAY AND BOARDING,MIXED,COMBINED OA,3.042,2.8927,97.0,1250.0,80.0,16:1,15.625
s0786,241.0,,,,,,2.0415,1.9886,147.0,,,,
s0787,88.0,,,,,,2.5777,2.2228,98.0,,,,
s0788,89.0,,,,,,2.0843,2.1417,140.0,,,,
s0792,70.0,,,,,,2.7595,2.3608,85.0,,,,
s0796,34.0,,,,,,2.9853,2.75,36.0,,,,
s0798,141.0,,,,,,3.7624,3.7607,282.0,,,,
s0799,45.0,,,,,,3.2407,3.1642,68.0,,,,
s0800,89.0,PRIVATE,BOYS AND GIRLS,DAY AND BOARDING,MIXED,COMBINED OA,2.721,2.9063,96.0,1038.0,68.0,15:1,15.264705882352942
s0801,47.0,,,,,,3.1879,3.0,29.0,,,,
s0804,25.0,PRIVATE,BOYS AND GIRLS,DAY AND BOARDING,MIXED,COMBINED OA,3.12,2.7667,35.0,448.0,33.0,14:1,13.575757575757576
s0811,221.0,,,,,,2.8039,2.3015,251.0,,,,
s0812,238.0,,,,,,2.4391,3.1332,329.0,,,,
s0818,203.0,,,,,,3.0132,2.8641,157.0,,,,
s0821,94.0,,,,,,2.4379,2.0181,83.0,,,,
s0824,96.0,,,,,,2.0295,1.9566,73.0,,,,
s0825,37.0,,,,,,2.7072,2.6852,72.0,,,,
s0826,101.0,,,,,,2.3713,1.732,97.0,,,,
s0827,54.0,,,,,,2.429,2.2384,79.0,,,,
s0831,123.0,,,,,,2.2398,2.367,89.0,,,,
s0832,60.0,,,,,,2.7944,2.8638,82.0,,,,
s0833,53.0,,,,,,2.6069,2.8333,30.0,,,,
s0840,126.0,,,,,,2.8069,2.7251,137.0,,,,
s0841,242.0,,,,,,2.6832,2.4406,233.0,,,,
s0845,126.0,,,,,,2.3902,2.2161,91.0,,,,
s0851,164.0,,,,,,2.1565,2.003,112.0,,,,
s0853,178.0,,,,,,2.7949,2.3596,178.0,,,,
s0854,14.0,,,,,,1.7976,2.3462,13.0,,,,
s0857,387.0,,,,,,2.9866,3.0098,393.0,,,,
s0859,118.0,,,,,,2.3037,2.8081,86.0,,,,
s0861,106.0,,,,,,3.1116,3.4578,75.0,,,,
s0862,6.0,PRIVATE,GIRLS ONLY,BOARDING,,,2.3056,2.25,6.0,360.0,30.0,12:1,12.0
s0867,511.0,PRIVATE,BOYS AND GIRLS,BOARDING,MIXED,COMBINED OA,2.1712,2.2142,445.0,500.0,30.0,17:1,16.666666666666668
s0870,363.0,,,,,,2.7744,2.2442,286.0,,,,
s0880,75.0,,,,,,2.9756,2.6763,69.0,,,,
s0881,44.0,,,,,,2.4773,2.51,134.0,,,,
s0882,31.0,,,,,,2.7419,2.901,105.0,,,,
s0883,22.0,PRIVATE,BOYS AND GIRLS,BOARDING,MIXED,COMBINED OA,3.3712,3.2971,23.0,620.0,50.0,12:1,12.4
s0884,125.0,,,,,,3.02,2.3769,111.0,,,,
s0885,114.0,,,,,,2.598,2.3333,76.0,,,,
s0887,255.0,,,,,,3.3105,2.7393,202.0,,,,
s0890,170.0,,,,,,2.9912,2.6349,168.0,,,,
s0896,24.0,,,,,,3.3819,2.3086,27.0,,,,
s0901,86.0,,,,,,2.4516,2.5128,78.0,,,,
s0904,84.0,,,,,,2.9325,2.7633,100.0,,,,
s0906,152.0,,,,,,2.1908,2.1655,139.0,,,,
s0909,22.0,PRIVATE,BOYS AND GIRLS,DAY AND BOARDING,ARTS,COMBINED OA,2.6742,2.2323,133.0,250.0,15.0,17:1,16.666666666666668
s0912,151.0,,,,,,2.1788,2.2919,221.0,,,,
s0913,177.0,,,,,,2.7702,2.0794,189.0,,,,
s0922,114.0,,,,,,2.6116,2.5875,139.0,,,,
s0924,73.0,,,,,,2.5708,2.7477,72.0,,,,
s0925,135.0,,,,,,2.6086,2.5897,117.0,,,,
s0927,101.0,GOVERNMENT,BOYS AND GIRLS,BOARDING,MIXED,COMBINED OA,2.8383,3.0941,85.0,903.0,36.0,25:1,25.083333333333332
s0935,50.0,,,,,,2.45,2.5565,56.0,,,,
s0936,232.0,,,,,,2.2047,2.1467,234.0,,,,
s0938,110.0,,,,,,2.7955,2.8505,97.0,,,,
s0947,60.0,,,,,,2.7389,2.5513,65.0,,,,
s0948,54.0,GOVERNMENT,BOYS AND GIRLS,DAY,,,2.3148,2.035,100.0,500.0,30.0,17:1,16.666666666666668
s0949,140.0,,,,,,2.6071,2.4116,147.0,,,,
s0954,61.0,,,,,,2.6749,2.3897,139.0,,,,
s0956,72.0,,,,,,2.7523,2.6615,97.0,,,,
s0960,412.0,GOVERNMENT,BOYS AND GIRLS,DAY,MIXED,COMBINED OA,3.1545,3.1348,403.0,1800.0,90.0,20:1,20.0
s0961,68.0,,,,,,2.2328,2.4645,94.0,,,,
s0964,74.0,,,,,,2.8851,2.6786,98.0,,,,
s0968,106.0,,,,,,2.783,2.2979,113.0,,,,
s0970,102.0,,,,,,2.4657,2.4627,85.0,,,,
s0972,24.0,,,,,,2.1875,1.9877,27.0,,,,
s0978,51.0,,,,,,2.134,1.7076,58.0,,,,
s0984,60.0,,,,,,2.2667,2.2053,82.0,,,,
s0995,68.0,,,,,,2.1422,1.9231,39.0,,,,
s1008,114.0,,,,,,2.4094,2.2321,135.0,,,,
s1009,75.0,,,,,,2.3,2.0267,100.0,,,,
s1011,78.0,,,,,,2.8184,2.4304,79.0,,,,
s1027,122.0,,,,,,3.1011,2.6684,94.0,,,,
s1032,73.0,GOVERNMENT,BOYS ONLY,BOARDING,ARTS,ALEVEL ONLY,2.3014,2.3816,114.0,200.0,10.0,20:1,20.0
s1033,120.0,,,,,,3.0847,2.7686,85.0,,,,
s1034,104.0,,,,,,3.1651,2.445,103.0,,,,
s1043,165.0,,,,,,2.4495,2.2212,165.0,,,,
s1051,134.0,,,,,,2.8333,2.8745,178.0,,,,
s1053,105.0,,,,,,2.4444,2.4078,132.0,,,,
s1055,32.0,,,,,,2.25,2.1023,46.0,,,,
s1061,70.0,,,,,,3.2381,2.7644,58.0,,,,
s1063,37.0,,,,,,2.6306,2.7143,56.0,,,,
s1068,107.0,,,,,,2.8863,2.7917,72.0,,,,
s1069,48.0,,,,,,2.6285,2.4063,32.0,,,,
s1071,81.0,PRIVATE,BOYS AND GIRLS,BOARDING,MIXED,COMBINED OA,2.856,3.095,115.0,,,Not Available,
s1072,24.0,,,,,,3.5972,3.1222,15.0,,,,
s1077,126.0,,,,,,2.7844,2.5254,164.0,,,,
s1084,58.0,,,,,,2.8707,2.3155,56.0,,,,
s1092,125.0,,,,,,2.8306,2.4738,128.0,,,,
s1093,107.0,,,,,,2.6417,2.7285,98.0,,,,
s1094,7.0,,,,,,2.5,2.6667,4.0,,,,
s1098,117.0,,,,,,2.3604,2.1881,109.0,,,,
s1099,126.0,,,,,,3.1561,2.4499,184.0,,,,
s1104,133.0,,,,,,2.6591,2.4274,124.0,,,,
s1106,199.0,,,,,,2.608,2.8477,267.0,,,,
s1107,162.0,,,,,,2.2088,2.0807,157.0,,,,
s1118,87.0,,,,,,2.3525,1.9286,91.0,,,,
s1119,93.0,,,,,,2.3387,2.7025,121.0,,,,
s1122,39.0,,,,,,2.9402,3.1034,29.0,,,,
s1126,57.0,,,,,,2.8275,2.2672,58.0,,,,
s1127,71.0,,,,,,2.5915,2.4578,79.0,,,,
s1129,144.0,,,,,,2.2604,2.3241,145.0,,,,
s1132,59.0,,,,,,2.5113,2.9517,69.0,,,,
s1136,242.0,,,,,,1.8258,1.8874,222.0,,,,
s1139,87.0,,,,,,2.1935,1.8011,119.0,,,,
s1140,80.0,,,,,,2.6604,1.9218,113.0,,,,
s1141,2.0,PRIVATE,BOYS AND GIRLS,BOARDING,MIXED,COMBINED OA,2.6667,1.75,2.0,1500.0,110.0,14:1,13.636363636363637
s1144,179.0,,,,,,2.5866,2.7618,205.0,,,,
s1148,121.0,,,,,,2.4298,1.721,138.0,,,,
s1153,99.0,,,,,,2.4175,2.5424,59.0,,,,
s1155,123.0,,,,,,2.6206,2.3821,130.0,,,,
s1157,137.0,,,,,,2.5961,2.4303,134.0,,,,
s1159,162.0,,,,,,2.0412,2.1347,167.0,,,,
s1160,177.0,,,,,,2.6864,2.0921,199.0,,,,
s1161,163.0,,,,,,3.1319,2.8787,138.0,,,,
s1164,129.0,,,,,,2.7946,2.2201,156.0,,,,
s1183,94.0,,,,,,2.9415,2.492,104.0,,,,
s1186,109.0,,,,,,3.1269,2.8497,61.0,,,,
s1187,280.0,PRIVATE,BOYS AND GIRLS,BOARDING,MIXED,COMBINED OA,2.7411,2.2877,318.0,1100.0,50.0,22:1,22.0
s1198,17.0,PRIVATE,BOYS AND GIRLS,DAY AND BOARDING,MIXED,COMBINED OA,2.4314,2.3158,19.0,560.0,29.0,19:1,19.310344827586206
s1199,139.0,,,,,,2.8489,2.4785,101.0,,,,
s1201,459.0,,,,,,2.683,2.07,370.0,,,,
s1202,38.0,,,,,,2.3991,2.4571,66.0,,,,
s1205,80.0,,,,,,2.5771,2.4835,131.0,,,,
s1215,92.0,,,,,,2.1812,2.0204,131.0,,,,
s1220,134.0,,,,,,2.653,2.8301,103.0,,,,
s1232,66.0,,,,,,2.9545,2.2829,129.0,,,,
s1238,102.0,,,,,,2.4804,2.3235,85.0,,,,
s1240,141.0,,,,,,2.5355,1.9222,135.0,,,,
s1241,216.0,,,,,,2.6944,2.5944,270.0,,,,
s1246,26.0,,,,,,2.9423,2.5952,14.0,,,,
s1251,122.0,GOVERNMENT,BOYS AND GIRLS,DAY AND BOARDING,ARTS,COMBINED OA,1.8142,1.6182,196.0,570.0,22.0,26:1,25.90909090909091
s1255,109.0,,,,,,2.7966,2.2563,93.0,,,,
s1257,52.0,,,,,,2.5737,2.777,68.0,,,,
s1258,49.0,,,,,,2.5272,3.1009,71.0,,,,
s1261,53.0,PRIVATE,BOYS AND GIRLS,DAY AND BOARDING,ARTS,COMBINED OA,2.4528,2.5766,37.0,600.0,30.0,20:1,20.0
s1262,150.0,,,,,,2.6411,2.2417,151.0,,,,
s1264,33.0,,,,,,2.8434,2.6402,44.0,,,,
s1268,124.0,GOVERNMENT,BOYS AND GIRLS,DAY AND BOARDING,MIXED,COMBINED OA,1.4288,1.8443,106.0,800.0,50.0,16:1,16.0
s1270,138.0,,,,,,2.6473,2.2947,164.0,,,,
s1272,55.0,,,,,,2.4758,2.9902,68.0,,,,
s1274,75.0,,,,,,2.5267,2.1784,85.0,,,,
s1278,220.0,PRIVATE,BOYS AND GIRLS,DAY AND BOARDING,MIXED,COMBINED OA,2.425,2.3082,147.0,1000.0,30.0,33:1,33.333333333333336
s1282,99.0,,,,,,2.6953,2.5918,118.0,,,,
s1284,14.0,PRIVATE,BOYS AND GIRLS,DAY AND BOARDING,MIXED,COMBINED OA,2.75,2.6563,17.0,440.0,30.0,15:1,14.666666666666666
s1285,116.0,GOVERNMENT,BOYS AND GIRLS,DAY AND BOARDING,MIXED,COMBINED OA,3.3089,3.3183,133.0,682.0,42.0,0:1,16.238095238095237
s1288,113.0,,,,,,3.0605,2.2553,203.0,,,,
s1291,22.0,,,,,,2.5455,2.7976,57.0,,,,
s1315,51.0,,,,,,1.732,1.5972,60.0,,,,
s1318,84.0,,,,,,2.9841,2.6938,80.0,,,,
s1322,39.0,,,,,,2.6282,2.2738,56.0,,,,
s1324,73.0,,,,,,3.0046,1.7996,94.0,,,,
s1338,122.0,,,,,,2.3224,2.1807,107.0,,,,
s1339,4.0,,,,,,3.125,2.2333,10.0,,,,
s1340,142.0,,,,,,2.9002,2.4103,158.0,,,,
s1341,81.0,,,,,,2.6481,2.7883,75.0,,,,
s1343,193.0,PRIVATE,BOYS AND GIRLS,BOARDING,MIXED,COMBINED OA,2.7504,2.6581,155.0,,,Not Available,
s1344,105.0,,,,,,2.3524,2.316,96.0,,,,
s1349,342.0,,,,,,2.7763,2.3688,334.0,,,,
s1351,169.0,,,,,,2.7899,2.6691,270.0,,,,
s1353,57.0,,,,,,1.6813,1.75,58.0,,,,
s1356,54.0,,,,,,2.9599,2.8236,120.0,,,,
s1361,187.0,,,,,,3.1488,2.7526,225.0,,,,
s1366,77.0,,,,,,1.8463,1.7057,94.0,,,,
s1373,98.0,,,,,,2.9082,2.3026,65.0,,,,
s1375,562.0,,,,,,2.645,2.7264,645.0,,,,
s1378,125.0,,,,,,3.8227,3.7149,159.0,,,,
s1380,144.0,,,,,,3.8356,4.0302,234.0,,,,
s1383,30.0,,,,,,2.5222,2.5505,33.0,,,,
s1384,71.0,,,,,,1.7864,1.9846,54.0,,,,
s1392,111.0,,,,,,1.8393,1.7569,133.0,,,,
s1402,43.0,,,,,,1.8915,2.2712,51.0,,,,
s1410,92.0,,,,,,2.7681,2.7201,103.0,,,,
s1411,120.0,,,,,,2.0667,1.7857,84.0,,,,
s1418,73.0,,,,,,2.3242,1.9254,67.0,,,,
s1420,122.0,,,,,,2.8074,2.4129,132.0,,,,
s1430,158.0,,,,,,3.289,2.6167,80.0,,,,
s1433,20.0,,,,,,2.225,2.4474,20.0,,,,
s1434,13.0,PRIVATE,BOYS AND GIRLS,BOARDING,MIXED,COMBINED OA,3.0769,3.7381,7.0,600.0,30.0,20:1,20.0
s1442,77.0,GOVERNMENT,BOYS AND GIRLS,DAY AND BOARDING,ARTS,COMBINED OA,1.6342,1.7451,68.0,975.0,38.0,26:1,25.657894736842106
s1450,45.0,PRIVATE,BOYS AND GIRLS,BOARDING,MIXED,COMBINED OA,2.4037,2.9281,102.0,300.0,20.0,15:1,15.0
s1454,111.0,,,,,,1.9489,2.6044,107.0,,,,
s1463,65.0,,,,,,2.5667,2.545,63.0,,,,
s1466,81.0,,,,,,2.0576,2.1048,70.0,,,,
s1469,7.0,,,,,,2.4048,2.2667,5.0,,,,
s1474,32.0,PRIVATE,BOYS AND GIRLS,BOARDING,MIXED,COMBINED OA,2.6771,2.0797,23.0,400.0,25.0,16:1,16.0
s1482,86.0,,,,,,2.7984,3.0049,102.0,,,,
s1495,23.0,,,,,,3.0725,2.4896,16.0,,,,
s1498,156.0,,,,,,2.6806,2.5307,152.0,,,,
s1507,113.0,,,,,,2.5088,2.5988,108.0,,,,
s1509,52.0,,,,,,1.9359,1.9394,99.0,,,,
s1519,18.0,PRIVATE,BOYS AND GIRLS,DAY,MIXED,COMBINED OA,3.1481,2.402,34.0,144.0,12.0,12:1,12.0
s1522,103.0,PRIVATE,BOYS AND GIRLS,BOARDING,MIXED,COMBINED OA,2.8382,2.5105,79.0,530.0,45.0,12:1,11.777777777777779
s1531,71.0,,,,,,2.5047,2.7173,125.0,,,,
s1535,121.0,,,,,,2.5399,2.1062,124.0,,,,
s1549,74.0,,,,,,2.6441,2.3372,129.0,,,,
s1552,142.0,,,,,,2.8192,2.7292,88.0,,,,
s1573,50.0,,,,,,1.82,1.7361,48.0,,,,
s1578,129.0,,,,,,2.4186,2.4744,163.0,,,,
s1584,290.0,,,,,,2.5632,2.0328,351.0,,,,
s1593,16.0,,,,,,2.6979,2.4545,11.0,,,,
s1596,165.0,,,,,,2.5475,2.4366,134.0,,,,
s1598,369.0,,,,,,2.8582,2.5541,234.0,,,,
s1599,382.0,PRIVATE,BOYS AND GIRLS,BOARDING,MIXED,COMBINED OA,2.4538,2.377,309.0,700.0,65.0,11:1,10.76923076923077
s1600,53.0,,,,,,2.8679,2.2626,33.0,,,,
s1604,23.0,PRIVATE,BOYS ONLY,,SCIENCE,COMBINED OA,2.2464,2.3542,40.0,205.0,20.0,10:1,10.25
s1608,106.0,,,,,,2.8213,2.5206,115.0,,,,
s1609,15.0,,,,,,2.5111,2.625,20.0,,,,
s1610,115.0,,,,,,2.3391,2.2694,60.0,,,,
s1611,193.0,,,,,,3.4344,3.4964,185.0,,,,
s1623,9.0,,,,,,3.1852,2.9242,11.0,,,,
s1628,53.0,,,,,,3.0818,2.8654,78.0,,,,
s1637,83.0,,,,,,2.8052,2.5,92.0,,,,
s1645,17.0,PRIVATE,BOYS AND GIRLS,DAY AND BOARDING,MIXED,COMBINED OA,2.6863,2.5359,51.0,820.0,32.0,26:1,25.625
s1648,110.0,,,,,,2.2788,2.0302,105.0,,,,
s1659,113.0,,,,,,2.4882,2.1414,79.0,,,,
s1661,113.0,,,,,,3.5133,2.8919,91.0,,,,
s1662,60.0,,,,,,2.3194,2.0603,47.0,,,,
s1668,116.0,,,,,,2.3434,2.5851,143.0,,,,
s1718,116.0,,,,,,2.6753,2.8951,89.0,,,,
s1719,100.0,,,,,,2.905,2.5661,111.0,,,,
s1722,250.0,,,,,,3.106,2.8372,260.0,,,,
s1732,61.0,,,,,,3.1858,3.0629,98.0,,,,
s1757,113.0,PRIVATE,BOYS AND GIRLS,BOARDING,MIXED,COMBINED OA,2.531,2.7626,99.0,800.0,60.0,13:1,13.333333333333334
s1769,65.0,,,,,,3.1949,2.5063,80.0,,,,
s1770,37.0,,,,,,3.1847,2.9778,45.0,,,,
s1800,165.0,,,,,,2.8525,2.9194,244.0,,,,
s1821,32.0,,,,,,2.2969,2.0426,43.0,,,,
s1822,32.0,,,,,,2.4323,3.0078,43.0,,,,
s1865,90.0,,,,,,2.587,2.0778,75.0,,,,
s1884,83.0,,,,,,2.1365,2.2326,96.0,,,,
s1888,123.0,PRIVATE,BOYS AND GIRLS,DAY AND BOARDING,MIXED,COMBINED OA,1.9621,2.0152,111.0,150.0,12.0,13:1,12.5
s1913,49.0,,,,,,2.898,2.9756,41.0,,,,
s1936,52.0,,,,,,2.3301,1.837,46.0,,,,
s1939,231.0,,,,,,2.7994,2.9242,247.0,,,,
s2006,77.0,,,,,,2.119,2.0527,79.0,,,,
s2010,10.0,PRIVATE,BOYS AND GIRLS,,MIXED,COMBINED OA,3.5167,3.3438,16.0,320.0,20.0,16:1,16.0
s2044,52.0,,,,,,2.0769,2.0856,74.0,,,,
s2067,72.0,,,,,,2.838,2.5562,92.0,,,,
s2073,102.0,,,,,,2.9134,2.6105,98.0,,,,
s2105,39.0,,,,,,2.4231,2.9069,34.0,,,,
s2119,23.0,,,,,,3.2899,3.2745,34.0,,,,
s2147,70.0,,,,,,2.1881,2.5977,29.0,,,,
s2153,29.0,PRIVATE,BOYS AND GIRLS,DAY AND BOARDING,ARTS,COMBINED OA,2.8333,2.4008,42.0,300.0,12.0,25:1,25.0
s2178,37.0,PRIVATE,BOYS AND GIRLS,DAY AND BOARDING,MIXED,COMBINED OA,2.6892,2.2538,44.0,600.0,60.0,10:1,10.0
s2180,36.0,PRIVATE,BOYS AND GIRLS,BOARDING,MIXED,COMBINED OA,2.25,2.1375,41.0,500.0,30.0,17:1,16.666666666666668
s2186,106.0,,,,,,2.1997,2.234,94.0,,,,
s2191,60.0,GOVERNMENT,BOYS AND GIRLS,DAY AND BOARDING,ARTS,COMBINED OA,2.2444,2.0776,73.0,435.0,19.0,23:1,22.894736842105264
s2211,70.0,PRIVATE,BOYS AND GIRLS,BOARDING,MIXED,COMBINED OA,2.369,2.5203,41.0,400.0,40.0,10:1,10.0
s2213,156.0,,,,,,2.7788,2.6365,177.0,,,,
s2214,183.0,,,,,,2.6803,2.4932,172.0,,,,
s2241,34.0,,,,,,2.3971,1.912,72.0,,,,
s2278,89.0,,,,,,2.8596,2.7926,87.0,,,,
s2300,43.0,,,,,,2.4806,2.4457,43.0,,,,
s2315,21.0,PRIVATE,GIRLS ONLY,BOARDING,SCIENCE,COMBINED OA,3.5794,3.2333,10.0,572.0,26.0,22:1,22.0
s2318,53.0,,,,,,2.6226,2.4792,56.0,,,,
s2325,136.0,PRIVATE,GIRLS ONLY,BOARDING,MIXED,COMBINED OA,1.7426,1.7984,167.0,680.0,50.0,14:1,13.6
s2326,21.0,,,,,,3.119,3.0741,27.0,,,,
s2333,19.0,,,,,,2.7105,3.25,18.0,,,,
s2334,11.0,,,,,,2.8182,4.1667,10.0,,,,
s2335,9.0,PRIVATE,BOYS AND GIRLS,BOARDING,MIXED,COMBINED OA,2.7407,2.1131,28.0,405.0,20.0,20:1,20.25
s2339,13.0,,,,,,3.9615,3.3333,4.0,,,,
s2344,29.0,,,,,,2.8333,2.5926,27.0,,,,
s2348,31.0,PRIVATE,BOYS ONLY,DAY AND BOARDING,MIXED,COMBINED OA,2.6452,2.0625,32.0,250.0,20.0,13:1,12.5
s2357,111.0,,,,,,2.6141,2.5818,106.0,,,,
s2359,42.0,PRIVATE,BOYS AND GIRLS,BOARDING,ARTS,COMBINED OA,2.496,2.2312,31.0,600.0,25.0,24:1,24.0
s2378,60.0,PRIVATE,BOYS AND GIRLS,DAY AND BOARDING,ARTS,COMBINED OA,2.7111,2.3651,46.0,700.0,40.0,18:1,17.5
s2384,48.0,,,,,,2.4653,1.7512,71.0,,,,
s2385,224.0,,,,,,2.5052,2.4053,234.0,,,,
s2386,114.0,,,,,,2.2105,1.8709,133.0,,,,
s2427,260.0,,,,,,2.7679,2.5289,254.0,,,,
s2433,66.0,,,,,,1.7778,2.1899,86.0,,,,
s2448,49.0,,,,,,2.4694,1.9651,43.0,,,,
s2453,45.0,,,,,,2.8926,2.34,25.0,,,,
s2469,58.0,,,,,,3.1121,2.6292,129.0,,,,
s2476,184.0,,,,,,2.9257,2.276,221.0,,,,
s2497,26.0,,,,,,2.5385,2.3559,37.0,,,,
s2499,115.0,PRIVATE,BOYS AND GIRLS,BOARDING,MIXED,COMBINED OA,2.6145,2.2235,88.0,1000.0,70.0,14:1,14.285714285714286
s2511,35.0,,,,,,2.5905,2.0451,48.0,,,,
s2512,63.0,,,,,,2.9206,2.8817,124.0,,,,
s2516,1.0,PRIVATE,BOYS AND GIRLS,DAY AND BOARDING,ARTS,COMBINED OA,,2.3056,12.0,320.0,16.0,20:1,20.0
s2524,244.0,,,,,,2.7384,2.791,244.0,,,,
s2531,64.0,,,,,,2.3047,2.2954,79.0,,,,
s2549,138.0,PRIVATE,BOYS AND GIRLS,DAY AND BOARDING,MIXED,COMBINED OA,2.3575,2.5362,138.0,600.0,50.0,12:1,12.0
s2647,35.0,,,,,,2.9857,2.219,35.0,,,,
s2655,35.0,PRIVATE,BOYS AND GIRLS,BOARDING,,,2.0524,2.0052,32.0,640.0,30.0,21:1,21.333333333333332
s2713,122.0,,,,,,2.153,2.1412,118.0,,,,
s2804,27.0,,,,,,2.0185,2.246,44.0,,,,
s2809,71.0,,,,,,2.5939,2.669,70.0,,,,
s2810,60.0,,,,,,2.5472,2.4212,74.0,,,,
s2859,163.0,,,,,,2.5286,2.4486,201.0,,,,
s2888,114.0,,,,,,2.8582,2.5084,79.0,,,,
s2998,147.0,,,,,,2.3889,2.4322,59.0,,,,
s3000,42.0,,,,,,3.0952,3.4544,95.0,,,,
s3096,125.0,,,,,,2.672,2.4008,84.0,,,,
s3112,84.0,,,,,,3.1766,3.2642,147.0,,,,
s3135,65.0,,,,,,2.4718,1.7222,78.0,,,,
s3156,39.0,,,,,,2.5556,2.3275,86.0,,,,
s3194,58.0,,,,,,3.1121,3.204,67.0,,,,
s3228,113.0,,,,,,2.9381,2.3936,94.0,,,,
s3230,82.0,,,,,,2.6382,2.4963,91.0,,,,
s3241,18.0,PRIVATE,GIRLS ONLY,BOARDING,MIXED,COMBINED OA,2.0926,2.6212,22.0,400.0,25.0,16:1,16.0
s3308,39.0,,,,,,2.6197,2.1905,63.0,,,,
s3397,43.0,,,,,,3.4922,3.163,46.0,,,,
s3464,237.0,,,,,,3.1512,2.8214,182.0,,,,
s3470,32.0,PRIVATE,BOYS ONLY,BOARDING,MIXED,COMBINED OA,2.6563,2.8788,11.0,460.0,40.0,12:1,11.5
s3482,2.0,,,,,,2.9167,3.0345,29.0,,,,
s3485,26.0,,,,,,2.3333,2.3988,28.0,,,,
s3487,33.0,,,,,,2.7929,2.3636,33.0,,,,
s3495,92.0,,,,,,1.6957,1.9368,116.0,,,,
s3503,204.0,,,,,,2.4975,2.4735,196.0,,,,
s3532,31.0,PRIVATE,BOYS AND GIRLS,DAY AND BOARDING,MIXED,COMBINED OA,2.5484,2.3796,37.0,400.0,30.0,13:1,13.333333333333334
s3535,2.0,,,,,,3.0833,3.5758,11.0,,,,
s3536,8.0,PRIVATE,BOYS AND GIRLS,BOARDING,MIXED,COMBINED OA,2.7083,2.6806,12.0,480.0,40.0,12:1,12.0
s3537,110.0,,,,,,3.05,2.7105,118.0,,,,
s3560,58.0,,,,,,2.9253,2.6194,67.0,,,,
s3591,361.0,,,,,,2.8213,3.0588,136.0,,,,
s3601,31.0,,,,,,2.2366,2.5323,31.0,,,,
s3630,29.0,PRIVATE,BOYS AND GIRLS,DAY AND BOARDING,MIXED,COMBINED OA,2.3621,2.6944,24.0,725.0,36.0,20:1,20.13888888888889
s3646,22.0,PRIVATE,BOYS AND GIRLS,BOARDING,MIXED,COMBINED OA,2.2879,2.6146,16.0,290.0,20.0,15:1,14.5
s3661,17.0,,,,,,2.7255,2.5,27.0,,,,
s3664,93.0,,,,,,2.9319,2.7599,93.0,,,,
s3691,80.0,,,,,,2.5896,2.7024,42.0,,,,
s3730,187.0,,,,,,2.897,2.5648,229.0,,,,
s3761,66.0,,,,,,2.5808,2.553,88.0,,,,
s3788,231.0,,,,,,2.8831,2.7017,200.0,,,,
s3789,7.0,,,,,,3.8333,2.75,6.0,,,,
s3790,51.0,,,,,,1.8889,1.8829,37.0,,,,
s3793,93.0,,,,,,2.7079,2.259,139.0,,,,
s3794,136.0,,,,,,2.9081,2.7691,153.0,,,,
s3795,26.0,,,,,,3.0449,3.0215,31.0,,,,
s3800,8.0,,,,,,2.6458,2.6111,9.0,,,,
s3804,141.0,,,,,,3.13,3.0998,142.0,,,,
s3805,69.0,,,,,,2.3333,2.5395,77.0,,,,
s3809,56.0,,,,,,2.3214,2.3697,78.0,,,,
s3811,12.0,PRIVATE,BOYS AND GIRLS,BOARDING,MIXED,COMBINED OA,3.5833,3.0,7.0,160.0,12.0,13:1,13.333333333333334
s3825,96.0,,,,,,2.2639,2.3905,105.0,,,,
s3838,23.0,PRIVATE,BOYS AND GIRLS,BOARDING,,,3.0,2.7984,63.0,480.0,30.0,16:1,16.0
s3881,132.0,PRIVATE,BOYS AND GIRLS,BOARDING,MIXED,COMBINED OA,1.2891,1.5084,119.0,210.0,20.0,11:1,10.5
s3885,70.0,PRIVATE,BOYS AND GIRLS,DAY AND BOARDING,MIXED,COMBINED OA,2.6,2.661,90.0,500.0,30.0,17:1,16.666666666666668
s3886,56.0,,,,,,2.7798,3.0272,49.0,,,,
s3897,40.0,,,,,,2.3667,2.35,10.0,,,,
s3905,84.0,PRIVATE,BOYS ONLY,BOARDING,MIXED,COMBINED OA,1.5536,1.6826,94.0,510.0,30.0,17:1,17.0
s3912,72.0,,,,,,1.9676,1.9378,75.0,,,,
s3914,389.0,PRIVATE,BOYS AND GIRLS,BOARDING,MIXED,COMBINED OA,2.9737,3.0131,297.0,3500.0,100.0,35:1,35.0
s3920,65.0,,,,,,2.8154,2.1795,78.0,,,,
s3941,162.0,GOVERNMENT,GIRLS ONLY,BOARDING,ARTS,ALEVEL ONLY,2.8158,3.0066,229.0,450.0,24.0,19:1,18.75
s3981,26.0,,,,,,2.4103,2.3016,42.0,,,,
s3983,18.0,,,,,,2.6204,2.5397,21.0,,,,
s3993,21.0,,,,,,2.0794,2.1926,77.0,,,,
s4002,112.0,,,,,,2.5179,2.3719,108.0,,,,
s4007,38.0,PRIVATE,BOYS AND GIRLS,DAY AND BOARDING,ARTS,COMBINED OA,2.3596,2.4792,16.0,370.0,25.0,15:1,14.8
s4014,41.0,PRIVATE,BOYS AND GIRLS,BOARDING,MIXED,COMBINED OA,3.1458,3.4074,27.0,360.0,30.0,12:1,12.0
s4054,147.0,,,,,,2.7234,2.4191,171.0,,,,
s4071,46.0,,,,,,3.0036,2.7167,20.0,,,,
s4084,264.0,,,,,,2.7102,2.1374,205.0,,,,
s4087,23.0,PRIVATE,BOYS AND GIRLS,BOARDING,SCIENCE,COMBINED OA,3.2391,2.7745,17.0,400.0,40.0,10:1,10.0
s4092,2.0,,,,,,3.75,2.7143,7.0,,,,
s4126,28.0,,,,,,2.9167,2.4583,56.0,,,,
s4139,93.0,,,,,,2.776,2.7691,96.0,,,,
s4163,96.0,,,,,,2.3021,2.2182,123.0,,,,
s4192,161.0,,,,,,2.8406,2.7459,181.0,,,,
s4193,55.0,PRIVATE,GIRLS ONLY,BOARDING,MIXED,COMBINED OA,1.8576,1.9653,48.0,350.0,30.0,12:1,11.666666666666666
s4207,39.0,PRIVATE,GIRLS ONLY,BOARDING,MIXED,COMBINED OA,2.2521,2.478,53.0,420.0,35.0,12:1,12.0
s4213,96.0,PRIVATE,BOYS ONLY,BOARDING,MIXED,COMBINED OA,1.4236,1.5476,77.0,690.0,50.0,14:1,13.8
s4217,21.0,PRIVATE,BOYS AND GIRLS,,MIXED,COMBINED OA,3.381,2.6296,27.0,500.0,30.0,17:1,16.666666666666668
s4223,83.0,,,,,,2.9518,2.6595,70.0,,,,
s4236,21.0,,,,,,3.0556,2.3944,33.0,,,,
s4294,31.0,,,,,,2.8118,2.0408,49.0,,,,
s4340,30.0,,,,,,2.5222,2.7235,44.0,,,,
s4351,68.0,PRIVATE,BOYS AND GIRLS,BOARDING,,,2.7083,2.4317,64.0,400.0,40.0,10:1,10.0
s4379,86.0,,,,,,2.0136,2.0976,82.0,,,,
s4382,68.0,,,,,,2.5074,1.9477,102.0,,,,
s4405,77.0,PRIVATE,BOYS ONLY,BOARDING,MIXED,COMBINED OA,2.7446,3.0606,110.0,600.0,45.0,13:1,13.333333333333334
s4416,73.0,,,,,,1.895,2.0101,200.0,,,,
s4419,488.0,,,,,,2.5622,2.3671,518.0,,,,
s4459,210.0,PRIVATE,BOYS AND GIRLS,BOARDING,MIXED,COMBINED OA,2.1746,1.9183,200.0,600.0,60.0,10:1,10.0
s4472,24.0,,,,,,3.1458,2.8013,26.0,,,,
s4476,15.0,,,,,,3.2111,2.6905,22.0,,,,
s4502,96.0,PRIVATE,BOYS AND GIRLS,DAY AND BOARDING,MIXED,COMBINED OA,3.6546,3.2083,29.0,300.0,30.0,10:1,10.0
s4514,31.0,,,,,,3.2366,3.3,35.0,,,,
s4515,9.0,,,,,,1.7963,2.1795,13.0,,,,
s4516,6.0,,,,,,2.1667,2.4583,24.0,,,,
s4534,146.0,,,,,,2.8493,2.5994,171.0,,,,
s4535,144.0,,,,,,2.4583,2.4863,158.0,,,,
s4554,141.0,,,,,,2.1123,2.0423,122.0,,,,
s4555,36.0,PRIVATE,BOYS AND GIRLS,DAY AND BOARDING,,,3.2037,3.5524,35.0,200.0,16.0,13:1,12.5
s4565,25.0,PRIVATE,GIRLS ONLY,BOARDING,MIXED,COMBINED OA,2.3467,2.4636,87.0,300.0,30.0,10:1,10.0
s4569,51.0,PRIVATE,GIRLS ONLY,BOARDING,MIXED,COMBINED OA,2.5621,2.5449,52.0,450.0,30.0,15:1,15.0
s4575,39.0,,,,,,2.3547,2.4249,71.0,,,,
s4593,11.0,,,,,,2.7727,2.25,6.0,,,,
s4605,185.0,,,,,,2.0712,2.3097,176.0,,,,
s4624,40.0,PRIVATE,GIRLS ONLY,BOARDING,ARTS,COMBINED OA,2.4292,2.7207,37.0,300.0,20.0,15:1,15.0
s4628,30.0,PRIVATE,BOYS AND GIRLS,BOARDING,ARTS,COMBINED OA,2.3278,2.0931,35.0,460.0,35.0,13:1,13.142857142857142
s4631,106.0,PRIVATE,BOYS AND GIRLS,BOARDING,MIXED,COMBINED OA,2.2374,2.0988,162.0,400.0,30.0,13:1,13.333333333333334
s4645,10.0,PRIVATE,BOYS ONLY,BOARDING,MIXED,COMBINED OA,2.7833,2.3611,7.0,466.0,35.0,13:1,13.314285714285715
s4646,103.0,,,,,,2.4838,2.5055,61.0,,,,
s4661,18.0,,,,,,2.3333,2.5185,10.0,,,,
s4692,230.0,PRIVATE,BOYS AND GIRLS,DAY AND BOARDING,MIXED,ALEVEL ONLY,2.242,2.3244,205.0,450.0,40.0,11:1,11.25
s4735,66.0,,,,,,2.4217,2.4725,85.0,,,,
s4746,56.0,,,,,,2.628,2.5515,55.0,,,,
s4759,36.0,,,,,,2.537,2.2925,53.0,,,,
s4780,110.0,,,,,,2.5167,2.2325,81.0,,,,
s4785,61.0,,,,,,2.2568,1.9529,85.0,,,,
s4797,13.0,,,,,,2.9359,3.027,37.0,,,,
s4799,5.0,,,,,,2.2,2.5952,7.0,,,,
s4803,46.0,,,,,,2.6963,3.0222,45.0,,,,
s4811,16.0,,,,,,2.6146,2.15,40.0,,,,
s4816,116.0,,,,,,2.1868,2.1333,120.0,,,,
s4827,143.0,PRIVATE,BOYS AND GIRLS,BOARDING,MIXED,COMBINED OA,2.3217,2.276,125.0,800.0,45.0,18:1,17.77777777777778
s4836,17.0,PRIVATE,GIRLS ONLY,BOARDING,MIXED,COMBINED OA,3.2843,2.9444,9.0,500.0,30.0,17:1,16.666666666666668
s4854,64.0,,,,,,2.5339,2.5776,73.0,,,,
s4856,24.0,,,,,,2.4375,2.9571,37.0,,,,
s4861,106.0,,,,,,3.2704,2.3954,137.0,,,,
s4862,45.0,,,,,,2.6111,2.3438,16.0,,,,
s4875,54.0,PRIVATE,BOYS AND GIRLS,BOARDING,MIXED,COMBINED OA,2.2253,2.7993,58.0,400.0,40.0,10:1,10.0
s4894,59.0,,,,,,2.4266,2.2372,52.0,,,,
s4921,51.0,,,,,,1.902,1.9611,30.0,,,,
s4922,18.0,,,,,,2.4444,2.5794,21.0,,,,
s4928,5.0,PRIVATE,BOYS ONLY,BOARDING,SCIENCE,COMBINED OA,3.4,3.2292,8.0,300.0,25.0,12:1,12.0
s4929,274.0,,,,,,2.7433,2.6872,252.0,,,,
s4933,3.0,,,,,,3.4444,2.6667,3.0,,,,
s4964,22.0,PRIVATE,BOYS AND GIRLS,BOARDING,SCIENCE,COMBINED OA,1.9318,1.9359,13.0,520.0,31.0,17:1,16.774193548387096
s5000,59.0,PRIVATE,GIRLS ONLY,BOARDING,MIXED,COMBINED OA,2.8333,2.4016,61.0,400.0,35.0,11:1,11.428571428571429
s5014,24.0,,,,,,2.4653,2.2387,74.0,,,,
s5025,26.0,,,,,,3.0238,2.8111,34.0,,,,
s5038,47.0,,,,,,2.376,2.4778,75.0,,,,
s5047,166.0,,,,,,2.7811,2.9492,164.0,,,,
s5053,27.0,,,,,,1.8827,1.9133,25.0,,,,
s5060,22.0,,,,,,3.3182,2.56,25.0,,,,
s5096,95.0,,,,,,2.7421,2.6396,74.0,,,,
s5098,175.0,,,,,,2.4571,2.006,169.0,,,,
s5117,9.0,,,,,,3.0926,3.2727,11.0,,,,
s5126,102.0,,,,,,2.5082,2.8756,67.0,,,,
s5128,17.0,,,,,,2.8039,2.3725,17.0,,,,
s5130,39.0,PRIVATE,BOYS ONLY,BOARDING,MIXED,COMBINED OA,1.9487,2.0583,40.0,180.0,15.0,12:1,12.0
s5145,211.0,GOVERNMENT,BOYS AND GIRLS,BOARDING,SCIENCE,ALEVEL ONLY,3.2678,2.7089,241.0,800.0,40.0,20:1,20.0
s5150,38.0,,,,,,3.2632,2.6396,75.0,,,,
s5151,101.0,,,,,,3.2013,2.7145,115.0,,,,
s5154,39.0,,,,,,2.0556,2.1923,65.0,,,,
s5159,11.0,,,,,,3.0,3.2222,15.0,,,,
s5164,45.0,PRIVATE,BOYS AND GIRLS,DAY AND BOARDING,ARTS,COMBINED OA,2.2074,1.9125,40.0,450.0,35.0,13:1,12.857142857142858
s5171,69.0,,,,,,2.8744,3.0423,126.0,,,,
s5174,28.0,,,,,,2.4762,1.8819,24.0,,,,
s5184,52.0,PRIVATE,BOYS AND GIRLS,BOARDING,MIXED,COMBINED OA,2.2628,2.5497,104.0,600.0,45.0,13:1,13.333333333333334
s5196,47.0,,,,,,2.453,2.4935,53.0,,,,
s5204,49.0,,,,,,2.7075,2.7222,39.0,,,,
s5208,15.0,,,,,,2.6444,2.6894,22.0,,,,
s5232,14.0,,,,,,3.8095,2.9653,24.0,,,,
s5233,96.0,,,,,,2.0972,1.8828,101.0,,,,
s5236,39.0,,,,,,3.0812,2.6733,50.0,,,,
s5249,44.0,,,,,,2.5947,2.2381,42.0,,,,
s5260,103.0,,,,,,2.5275,2.2975,107.0,,,,
s5282,60.0,,,,,,2.5444,2.1667,83.0,,,,
s5295,30.0,,,,,,1.9333,1.9457,86.0,,,,
s5315,90.0,,,,,,1.7,1.638,122.0,,,,
s5325,74.0,,,,,,1.7387,1.8542,168.0,,,,
s5353,150.0,,,,,,2.3789,2.5534,131.0,,,,
s5377,12.0,PRIVATE,BOYS AND GIRLS,DAY AND BOARDING,,,2.6806,3.1667,5.0,400.0,30.0,13:1,13.333333333333334
s5379,52.0,PRIVATE,BOYS AND GIRLS,DAY AND BOARDING,,,1.8173,1.9483,29.0,210.0,20.0,11:1,10.5
s5394,166.0,,,,,,2.3494,2.2356,133.0,,,,
s5397,19.0,,,,,,2.6754,2.7407,18.0,,,,
s5407,8.0,,,,,,2.5833,2.9111,15.0,,,,
s5493,42.0,,,,,,2.4722,2.0818,53.0,,,,
s5555,35.0,,,,,,1.4286,1.3646,32.0,,,,
s5567,116.0,,,,,,2.8175,2.4985,110.0,,,,
s5572,55.0,,,,,,2.703,2.9562,80.0,,,,
s5579,30.0,,,,,,3.1333,3.4389,30.0,,,,
s5595,102.0,,,,,,2.5196,2.5991,111.0,,,,
s5596,11.0,,,,,,2.803,2.6806,12.0,,,,
s5663,7.0,,,,,,3.1389,2.0,1.0,,,,
s5682,39.0,,,,,,2.859,2.9898,49.0,,,,
s5708,5.0,,,,,,2.8,2.1078,17.0,,,,
s5782,20.0,,,,,,2.4917,3.0175,19.0,,,,
s5792,206.0,,,,,,2.4094,2.6314,118.0,,,,
s5816,124.0,,,,,,2.5806,2.4667,110.0,,,,
s5857,13.0,,,,,,3.6795,3.5952,14.0,,,,
s5889,4.0,,,,,,2.0417,2.4506,28.0,,,,
s5896,146.0,,,,,,2.8379,2.3974,104.0,,,,
s5931,69.0,,,,,,3.5169,3.4567,181.0,,,,
s5933,68.0,,,,,,2.9559,2.4217,66.0,,,,
s5934,53.0,,,,,,2.6474,2.6019,37.0,,,,
s5935,33.0,,,,,,3.1667,3.2167,20.0,,,,
s5936,34.0,,,,,,2.9706,2.575,20.0,,,,
s5953,121.0,,,,,,2.584,2.733,93.0,,,,
s6010,63.0,,,,,,2.4444,2.6429,77.0,,,,
s6056,173.0,,,,,,2.684,2.5483,145.0,,,,
s6062,67.0,,,,,,3.209,3.1641,65.0,,,,
s6064,146.0,,,,,,2.8938,3.2005,217.0,,,,
s6136,15.0,,,,,,3.4778,2.4889,15.0,,,,
s6209,56.0,,,,,,2.8244,2.3827,54.0,,,,
s6247,114.0,,,,,,2.348,2.2991,39.0,,,,
s6249,48.0,,,,,,2.5069,1.9432,88.0,,,,
